"Data generated on Tuesday, July 22, 2025 at 10:53:29 PM EST",,,,,,,,,,,,,,,,,,,
Area/Partners of Destination,,,,,January - December,,,,,,,,,,,,,,
And Commodities Exported,,,,,Quantities/Values in Thousands of Dollars,,,,,,,,,,,,,,
,,,,,2020,2020,2021,2021,2022,2022,2023,2023,2024,2024,,,,,
,Partner,,Product,UOM,Value,Qty,Value,Qty,Value,Qty,Value,Qty,Value,Qty,Period/Period %  Change (Value),Period/Period %  Change (Qty),Reporter Code,Partner Code,Product Code
1,China,1,"Hardwood Logs, Walnut",M3,"122,760","162,143.00","172,199","207,760.00","195,921","231,561.00","212,503","262,849.00","328,936","409,685.00",55,56,US,CH,0921AT
1,China,2,"Hardwood Logs, White Oak",M3,"40,540","71,278.00","91,441","145,741.00","74,934","110,854.00","75,971","115,081.00","100,476","145,930.00",32,27,US,CH,0913AT
1,China,3,"Hardwood Logs, Red Oak",M3,"65,677","203,200.00","100,265","299,212.00","108,592","328,759.00","83,187","233,270.00","86,592","198,751.00",4,-15,US,CH,0912AT
1,China,4,"Hardwood Logs, Ash",M3,"77,047","192,060.00","81,464","177,944.00","72,077","151,814.00","67,182","149,044.00","82,199","175,173.00",22,18,US,CH,0916AT
1,China,5,"Hardwood Logs, Cherry",M3,"10,021","15,014.00","16,910","24,214.00","16,129","26,482.00","13,909","22,480.00","13,617","21,237.00",-2,-6,US,CH,0918AT
1,China,6,"Hardwood Logs, Other Temperate",M3,"22,794","64,257.00","28,080","78,281.00","21,916","60,300.00","9,328","21,890.00","10,987","28,397.00",18,30,US,CH,0923AT
1,China,7,"Hardwood Logs, Maple",M3,"15,011","33,109.00","20,844","49,679.00","15,771","36,201.00","9,742","22,357.00","9,964","20,248.00",2,-9,US,CH,0919AT
1,China,8,"Hardwood Logs, Yellow Poplar",M3,544,"1,636.00","1,865","5,457.00","2,450","8,057.00",626,"2,185.00","1,258","4,050.00",101,85,US,CH,0920AT
1,China,9,"Hardwood Logs, Western Red Alder",M3,90,209,427,833,802,"1,467.00",717,"1,741.00",428,901,-40,-48,US,CH,0917AT
1,China,10,"Hardwood Logs, Tropical",M3,220,403,237,"1,274.00",850,"2,690.00",211,608,200,624,-5,3,US,CH,0924AT
1,China,11,"Hardwood Logs, Paulownia",M3,0,0,475,405,100,133,24,29,166,201,593,593,US,CH,0922AT
1,China,12,"Hardwood Logs, Beech",M3,373,"4,455.00",415,"4,984.00",390,"4,747.00",290,"2,874.00",44,535,-85,-81,US,CH,0914AT
1,China,13,"Hardwood Logs, Birch",M3,428,"1,733.00",538,"3,135.00",262,614,35,338,18,52,-49,-85,US,CH,0915AT
,Grand Total,,,M3,"355,505","749,497.00","515,160","998,919.00","510,194","963,679.00","473,723","834,746.00","634,885","1,005,784.00",34,20,,,
Notes:,,,,,,,,,,,,,,,,,,,
1. Data Source: U.S. Census Bureau Trade Data,,,,,,,,,,,,,,,,,,,
2. FAS Totals include all Agricultural commodities and FAS selected NONAG commodity items.,,,,,,,,,,,,,,,,,,,
"3. Users should use cautious interpretation on QUANTITY reports using mixed units of measure. QUANTITY line items will only include statistics on the units of measure that are equal to, or are able to be converted to, the assigned unit of measure of the grouped commodities.",,,,,,,,,,,,,,,,,,,
4. Product Group : FAS,,,,,,,,,,,,,,,,,,,
